3,xxx
4,2,yyy
5,zzz
3,xxx
4,2,yyy
5,zzz
3,xxx
4,2,yyy
5,zzz
3,xxx
4,2,yyy
5,zzz
3,xxx
4,2,yyy
5,zzz
3,xxx
4,2,yyy
5,zzz
3,xxx
4,2,yyy
5,zzz
3,xxx
4,2,yyy
5,zzz
3,xxx
4,2,yyy
5,zzz
3,xxx
4,2,yyy
5,zzz
3,xxx
4,2,yyy
5,zzz
3,xxx
4,2,yyy
5,zzz
3,xxx
4,2,yyy
5,zzz
3,xxx
4,2,yyy
5,zzz
3,xxx
4,2,yyy
5,zzz
3,xxx
4,2,yyy
5,zzz
3,xxx
4,2,yyy
5,zzz
3,xxx
4,2,yyy
5,zzz
3,xxx
4,2,yyy
5,zzz
3,xxx
4,2,yyy
5,zzz
3,xxx
4,2,yyy
5,zzz
3,xxx
4,2,yyy
5,zzz
3,xxx
4,2,yyy
5,zzz
3,xxx
4,2,yyy
5,zzz
3,xxx
4,2,yyy
5,zzz
3,xxx
4,2,yyy
5,zzz
3,xxx
4,2,yyy
5,zzz
3,xxx
4,2,yyy
5,zzz
3,xxx
4,2,yyy
5,zzz
3,xxx
4,2,yyy
5,zzz
3,xxx
4,2,yyy
5,zzz
3,xxx
4,2,yyy
5,zzz
3,xxx
4,2,yyy
5,zzz
